episode,steps,reward,avg_reward_100,epsilon,loss,duration
114,35,41.58,41.58,0.6037,0.710189,13.74
115,28,-39.56,1.01,0.5953,0.667869,3.78
116,41,-26.99,-8.32,0.5833,0.716519,4.70
