episode,steps,reward,avg_reward_100,epsilon,loss,duration
1,247,-87.99,-87.99,1.0000,0.000000,3.20
2,532,-194.57,-141.28,1.0000,0.000000,4.87
