episode,steps,reward,avg_reward_100,epsilon,loss,duration
1,91,-155.21,-155.21,1.0000,0.000000,4.82
2,115,59.27,-47.97,1.0000,0.000000,6.10
3,28,-85.78,-60.57,1.0000,0.000000,1.55
4,45,-208.50,-97.56,1.0000,0.000000,2.54
5,22,-153.60,-108.76,1.0000,0.000000,1.16
