episode,steps,reward,avg_reward_100,epsilon,loss,duration
1,146,79.42,79.42,1.0000,0.000000,2.10
2,529,-17.13,31.14,1.0000,0.000000,4.83
