episode,steps,reward,avg_reward_100,epsilon,loss,duration
1,173,-32.56,-32.56,1.0000,0.000000,2.51
2,279,1.66,-15.45,1.0000,0.000000,3.95
3,283,-0.44,-10.45,1.0000,0.000000,3.90
4,405,200.40,42.26,0.9319,0.118705,23.35
5,211,-68.70,20.07,0.8386,0.116974,19.85
6,433,172.04,45.40,0.6753,0.106011,39.53
7,101,-43.92,32.64,0.6420,0.087037,9.17
8,97,-57.71,21.35,0.6116,0.095343,8.61
9,104,-45.13,13.96,0.5806,0.105136,9.56
10,103,-42.20,8.34,0.5515,0.107842,9.45
