episode,steps,reward,avg_reward_100,epsilon,loss,duration
1,320,-2186.95,-2186.95,1.0000,0.000000,16.77
2,175,-1013.85,-1600.40,1.0000,0.000000,9.27
3,256,-237.20,-1146.00,1.0000,0.000000,13.25
4,59,-295.32,-933.33,1.0000,0.000000,3.14
5,177,-247.48,-796.16,1.0000,0.000000,9.11
6,69,-272.54,-708.89,0.9719,0.763679,14.88
