episode,steps,reward,avg_reward_100,epsilon,loss,duration
28,270,75.66,75.66,0.5059,0.605117,30.63
29,463,194.57,135.11,0.4013,0.557312,42.68
30,229,157.26,142.49,0.3579,0.545303,21.80
31,237,50.55,119.51,0.3179,0.519776,22.82
32,1324,21.29,99.86,0.1640,0.499899,126.70
