episode,steps,reward,avg_reward_100,epsilon,loss,duration
1,122,-83.27,-83.27,1.0000,0.000000,1.82
2,309,-84.51,-83.89,1.0000,0.000000,2.23
3,996,-780.09,-315.95,1.0000,0.000000,14.45
