episode,steps,reward,avg_reward_100,epsilon,loss,duration
40,1145,2.47,2.47,0.2876,5.297920,111.33
41,110,-12.77,-5.15,0.2722,0.183251,10.30
42,99,-22.31,-10.87,0.2591,0.166733,8.82
