episode,steps,reward,avg_reward_100,epsilon,loss,duration
20,193,-8.41,-8.41,0.5766,0.495090,24.59
21,149,-36.69,-22.55,0.5352,0.559005,14.94
22,256,40.04,-1.68,0.4709,0.594212,25.53
23,246,69.91,16.22,0.4164,0.632949,24.83
24,131,-26.30,7.71,0.3900,0.643930,13.22
25,122,-60.95,-3.73,0.3669,0.636344,12.30
26,236,-33.90,-8.04,0.3260,0.661487,23.68
27,291,123.70,8.43,0.2819,0.612371,29.85
