episode,steps,reward,avg_reward_100,epsilon,loss,duration
18,71,-60.51,-60.51,0.1616,0.138026,11.26
19,71,-62.29,-61.40,0.1613,0.144349,4.80
20,132,32.91,-29.96,0.1606,0.126013,9.91
21,124,24.62,-16.32,0.1600,0.145507,9.69
