episode,steps,reward,avg_reward_100,epsilon,loss,duration
1,438,-3344.74,-3344.74,1.0000,0.000000,23.35
2,72,-137.49,-1741.11,1.0000,0.000000,4.03
3,154,-880.77,-1454.33,1.0000,0.000000,8.20
4,182,-1112.10,-1368.77,1.0000,0.000000,9.83
