episode,steps,reward,avg_reward_100,epsilon,loss,duration
1,57,-389.32,-389.32,1.0000,0.000000,3.05
2,56,-434.35,-411.84,1.0000,0.000000,2.93
