episode,steps,reward,avg_reward_100,epsilon,loss,duration
151,51,97.12,97.12,0.5248,0.932465,15.53
152,44,-13.17,41.97,0.5227,0.897083,3.86
153,41,85.56,56.50,0.5212,0.885842,4.15
154,19,-65.80,25.93,0.5201,0.895991,2.36
155,612,-2519.31,-483.12,0.4943,0.775558,66.54
