episode,steps,reward,avg_reward_100,epsilon,loss,duration
1,355,309.00,309.00,0.1642,0.137514,13.47
2,77,-53.93,127.53,0.1641,0.086412,1.66
3,97,-23.92,77.05,0.1640,0.098739,1.91
4,114,14.13,61.32,0.1640,0.169668,2.36
5,98,-9.54,47.15,0.1639,0.322430,1.98
6,464,-56.53,29.87,0.1635,0.138822,9.45
7,101,-34.62,20.66,0.1634,0.183466,2.01
8,237,115.58,32.52,0.1632,0.112725,4.98
