episode,steps,reward,avg_reward_100,epsilon,loss,duration
1,39,-63.11,-63.11,1.0000,0.000000,2.04
2,190,-173.89,-118.50,1.0000,0.000000,10.52
3,134,-134.80,-123.93,1.0000,0.000000,6.96
