episode,steps,reward,avg_reward_100,epsilon,loss,duration
1,204,-240.58,-240.58,1.0000,0.000000,10.96
2,133,-90.71,-165.65,1.0000,0.000000,7.64
3,128,-102.12,-144.47,1.0000,0.000000,7.13
