episode,steps,reward,avg_reward_100,epsilon,loss,duration
1,359,-94.30,-94.30,1.0000,0.000000,18.78
2,100,-61.64,-77.97,1.0000,0.000000,5.34
3,347,-103.02,-86.32,1.0000,0.000000,18.58
4,163,-131.80,-97.69,1.0000,0.000000,8.61
5,423,-316.66,-141.48,0.8216,0.151255,61.42
6,222,-445.02,-192.07,0.7352,0.220999,28.77
7,82,70.72,-154.53,0.7057,0.266347,10.92
8,63,-63.89,-143.20,0.6838,0.350996,8.92
9,48,17.01,-125.40,0.6676,0.346351,6.08
