episode,steps,reward,avg_reward_100,epsilon,loss,duration
1,50,-24.97,-24.97,1.0000,0.000000,2.78
2,57,-88.99,-56.98,1.0000,0.000000,3.17
3,52,-90.98,-68.31,1.0000,0.000000,2.79
4,27,-47.38,-63.08,1.0000,0.000000,1.44
