episode,steps,reward,avg_reward_100,epsilon,loss,duration
1,85,-163.71,-163.71,1.0000,0.000000,4.48
2,55,-279.99,-221.85,1.0000,0.000000,3.02
3,28,-157.74,-200.48,1.0000,0.000000,1.51
4,121,-1170.76,-443.05,1.0000,0.000000,6.67
5,51,-217.82,-398.00,1.0000,0.000000,2.92
6,145,-241.19,-371.87,1.0000,0.000000,7.86
