episode,steps,reward,avg_reward_100,epsilon,loss,duration
9,144,24.07,24.07,0.1631,0.163923,10.08
10,209,138.00,81.03,0.1629,0.132285,7.47
11,229,155.88,105.98,0.1627,0.144617,8.18
12,144,36.71,88.66,0.1626,0.127998,6.93
13,210,153.30,101.59,0.1624,0.128105,7.49
14,151,49.16,92.85,0.1623,0.133357,4.81
15,78,-64.88,70.32,0.1622,0.137110,3.48
16,112,1.23,61.68,0.1622,0.151868,3.91
17,110,3.65,55.23,0.1621,0.148097,4.10
