episode,steps,reward,avg_reward_100,epsilon,loss,duration
1,1207,-304.38,-304.38,1.0000,0.000000,16.19
2,307,-83.86,-194.12,1.0000,0.000000,4.31
3,603,-95.48,-161.24,0.9427,0.027286,23.31
4,227,-83.78,-141.88,0.8415,0.028254,22.08
