episode,steps,reward,avg_reward_100,alpha,critic_loss,actor_loss,duration
3,40,-466.57,-466.57,0.2522,80.834616,0.000000,6.23
4,195,-294.99,-380.78,0.2492,136.877232,0.000000,15.59
5,152,-323.92,-361.83,0.2489,76.836254,0.000000,12.46
