episode,steps,reward,avg_reward_100,epsilon,loss,duration
22,324,171.31,171.31,0.8503,0.147414,32.51
23,170,-2.76,84.27,0.7810,0.165722,16.21
24,106,-61.36,35.73,0.7407,0.156300,9.12
25,268,132.02,59.80,0.6478,0.168991,24.42
26,164,43.17,56.48,0.5967,0.181907,15.24
27,299,287.76,95.02,0.5139,9.983308,28.92
28,261,-106.58,66.22,0.4510,13.454781,24.45
29,157,-32.26,53.91,0.4169,0.181183,14.56
