episode,steps,reward,avg_reward_100,epsilon,loss,duration
34,571,457.84,457.84,0.3811,0.475235,58.07
35,2000,-158.81,149.51,0.1402,0.472760,193.16
36,985,-11.40,95.88,0.0857,0.516144,95.14
37,1620,-1199.98,-228.09,0.0500,0.539099,156.80
38,595,31.74,-176.12,0.0500,0.582769,55.84
39,302,6.81,-145.63,0.0500,0.597402,30.02
