episode,steps,reward,avg_reward_100,epsilon,loss,duration
1,526,-202.91,-202.91,1.0000,0.000000,7.45
2,81,-124.81,-163.86,1.0000,0.000000,1.10
3,1281,-628.44,-318.72,1.0000,0.000000,14.47
